{
	"students": [
		{"id": 1, "name": "Ann", "grade": 9},
		{"id": 2, "name": "Kate", "grade": 9},
		{"id": 3, "name": "Peter", "grade": 9},
		{"id": 4, "name": "John", "grade": 10},
		{"id": 5, "name": "Alex", "grade": 10},
		{"id": 6, "name": "Lucy", "grade": 9},
		{"id": 7, "name": "Luna", "grade": 11},
		{"id": 8, "name": "Samuel", "grade": 10},
		{"id": 9, "name": "Selena", "grade": 10},
		{"id": 10, "name": "Angela", "grade": 10},
		{"id": 11, "name": "Tim", "grade": 11},
		{"id": 12, "name": "Aaron", "grade": 11},
		{"id": 13, "name": "Jeremy", "grade": 11}
	],
	"objects": [
		{"id": 1, "name":  "Math"},
		{"id": 2, "name":  "Biology"},
		{"id": 3, "name":  "Geography"}
	],
	"results": [
		{"object_id": 1, "student_id": 1, "result":  4},
		{"object_id": 2, "student_id": 1, "result":  4},
		{"object_id": 3, "student_id": 1, "result":  4},
		{"object_id": 1, "student_id": 2, "result":  3},
		{"object_id": 2, "student_id": 2, "result":  4},
		{"object_id": 3, "student_id": 2, "result":  5},
		{"object_id": 1, "student_id": 3, "result":  5},
		{"object_id": 2, "student_id": 3, "result":  5},
		{"object_id": 3, "student_id": 3, "result":  5},
		{"object_id": 1, "student_id": 4, "result":  3},
		{"object_id": 2, "student_id": 4, "result":  3},
		{"object_id": 3, "student_id": 4, "result":  3},
		{"object_id": 1, "student_id": 5, "result":  5},
		{"object_id": 2, "student_id": 5, "result":  4},
		{"object_id": 3, "student_id": 5, "result":  4},
		{"object_id": 1, "student_id": 6, "result":  3},
		{"object_id": 2, "student_id": 6, "result":  5},
		{"object_id": 3, "student_id": 6, "result":  5},
		{"object_id": 1, "student_id": 7, "result":  5},
		{"object_id": 2, "student_id": 7, "result":  4},
		{"object_id": 3, "student_id": 7, "result":  5},
		{"object_id": 1, "student_id": 8, "result":  4},
		{"object_id": 2, "student_id": 8, "result":  4},
		{"object_id": 3, "student_id": 8, "result":  4},
		{"object_id": 1, "student_id": 9, "result":  5},
		{"object_id": 2, "student_id": 9, "result":  5},
		{"object_id": 3, "student_id": 9, "result":  4},
		{"object_id": 1, "student_id": 10, "result":  3},
		{"object_id": 2, "student_id": 10, "result":  4},
		{"object_id": 3, "student_id": 10, "result":  3},
		{"object_id": 1, "student_id": 11, "result":  4},
		{"object_id": 2, "student_id": 11, "result":  4},
		{"object_id": 3, "student_id": 11, "result":  4},
		{"object_id": 1, "student_id": 12, "result":  5},
		{"object_id": 2, "student_id": 12, "result":  4},
		{"object_id": 3, "student_id": 12, "result":  5},
		{"object_id": 1, "student_id": 13, "result":  4},
		{"object_id": 2, "student_id": 13, "result":  3},
		{"object_id": 3, "student_id": 13, "result":  4}
	]
}